age,sex,from_state,to_state,chance,mean_days,std_days
0,M,Asintomático,Hospitalizado,0.9621832439181318,9.599699020385742,0.16248613305321885
0,M,Asintomático,Recuperado,0.03772526676282502,9.599699020385742,0.16248613305321885
0,M,Asintomático,UCI,9.148931904313251e-05,9.599699020385742,0.16248613305321885
0,F,Asintomático,Hospitalizado,0.9554950228343064,9.606708526611328,0.17154838603906086
0,F,Asintomático,Recuperado,0.04448744526880547,9.606708526611328,0.17154838603906086
0,F,Asintomático,UCI,1.753189688809935e-05,9.606708526611328,0.17154838603906086
5,M,Asintomático,Hospitalizado,0.9621832439181318,9.599699020385742,0.16248613305321885
5,M,Asintomático,Recuperado,0.03772526676282502,9.599699020385742,0.16248613305321885
5,M,Asintomático,UCI,9.148931904313251e-05,9.599699020385742,0.16248613305321885
5,F,Asintomático,Hospitalizado,0.9554950228343064,9.606708526611328,0.17154838603906086
5,F,Asintomático,Recuperado,0.04448744526880547,9.606708526611328,0.17154838603906086
5,F,Asintomático,UCI,1.753189688809935e-05,9.606708526611328,0.17154838603906086
10,M,Asintomático,Hospitalizado,0.9621832439181318,9.599699020385742,0.16248613305321885
10,M,Asintomático,Recuperado,0.03772526676282502,9.599699020385742,0.16248613305321885
10,M,Asintomático,UCI,9.148931904313251e-05,9.599699020385742,0.16248613305321885
10,F,Asintomático,Hospitalizado,0.9554950228343064,9.606708526611328,0.17154838603906086
10,F,Asintomático,Recuperado,0.04448744526880547,9.606708526611328,0.17154838603906086
10,F,Asintomático,UCI,1.753189688809935e-05,9.606708526611328,0.17154838603906086
15,M,Asintomático,Hospitalizado,0.9621832439181318,9.599699020385742,0.16248613305321885
15,M,Asintomático,Recuperado,0.03772526676282502,9.599699020385742,0.16248613305321885
15,M,Asintomático,UCI,9.148931904313251e-05,9.599699020385742,0.16248613305321885
15,F,Asintomático,Hospitalizado,0.9554950228343064,9.606708526611328,0.17154838603906086
15,F,Asintomático,Recuperado,0.04448744526880547,9.606708526611328,0.17154838603906086
15,F,Asintomático,UCI,1.753189688809935e-05,9.606708526611328,0.17154838603906086
20,M,Asintomático,Hospitalizado,0.9621832439181318,9.599699020385742,0.16248613305321885
20,M,Asintomático,Recuperado,0.03772526676282502,9.599699020385742,0.16248613305321885
20,M,Asintomático,UCI,9.148931904313251e-05,9.599699020385742,0.16248613305321885
20,F,Asintomático,Hospitalizado,0.9554950228343064,9.606708526611328,0.17154838603906086
20,F,Asintomático,Recuperado,0.04448744526880547,9.606708526611328,0.17154838603906086
20,F,Asintomático,UCI,1.753189688809935e-05,9.606708526611328,0.17154838603906086
25,M,Asintomático,Hospitalizado,0.9621832439181318,9.599699020385742,0.16248613305321885
25,M,Asintomático,Recuperado,0.03772526676282502,9.599699020385742,0.16248613305321885
25,M,Asintomático,UCI,9.148931904313251e-05,9.599699020385742,0.16248613305321885
25,F,Asintomático,Hospitalizado,0.9554950228343064,9.606708526611328,0.17154838603906086
25,F,Asintomático,Recuperado,0.04448744526880547,9.606708526611328,0.17154838603906086
25,F,Asintomático,UCI,1.753189688809935e-05,9.606708526611328,0.17154838603906086
30,M,Asintomático,Hospitalizado,0.9621832439181318,9.599699020385742,0.16248613305321885
30,M,Asintomático,Recuperado,0.03772526676282502,9.599699020385742,0.16248613305321885
30,M,Asintomático,UCI,9.148931904313251e-05,9.599699020385742,0.16248613305321885
30,F,Asintomático,Hospitalizado,0.9554950228343064,9.606708526611328,0.17154838603906086
30,F,Asintomático,Recuperado,0.04448744526880547,9.606708526611328,0.17154838603906086
30,F,Asintomático,UCI,1.753189688809935e-05,9.606708526611328,0.17154838603906086
35,M,Asintomático,Hospitalizado,0.9621832439181318,9.599699020385742,0.16248613305321885
35,M,Asintomático,Recuperado,0.03772526676282502,9.599699020385742,0.16248613305321885
35,M,Asintomático,UCI,9.148931904313251e-05,9.599699020385742,0.16248613305321885
35,F,Asintomático,Hospitalizado,0.9554950228343064,9.606708526611328,0.17154838603906086
35,F,Asintomático,Recuperado,0.04448744526880547,9.606708526611328,0.17154838603906086
35,F,Asintomático,UCI,1.753189688809935e-05,9.606708526611328,0.17154838603906086
40,M,Asintomático,Hospitalizado,0.9621832439181318,9.599699020385742,0.16248613305321885
40,M,Asintomático,Recuperado,0.03772526676282502,9.599699020385742,0.16248613305321885
40,M,Asintomático,UCI,9.148931904313251e-05,9.599699020385742,0.16248613305321885
40,F,Asintomático,Hospitalizado,0.9554950228343064,9.606708526611328,0.17154838603906086
40,F,Asintomático,Recuperado,0.04448744526880547,9.606708526611328,0.17154838603906086
40,F,Asintomático,UCI,1.753189688809935e-05,9.606708526611328,0.17154838603906086
45,M,Asintomático,Hospitalizado,0.9621832439181318,9.599699020385742,0.16248613305321885
45,M,Asintomático,Recuperado,0.03772526676282502,9.599699020385742,0.16248613305321885
45,M,Asintomático,UCI,9.148931904313251e-05,9.599699020385742,0.16248613305321885
45,F,Asintomático,Hospitalizado,0.9554950228343064,9.606708526611328,0.17154838603906086
45,F,Asintomático,Recuperado,0.04448744526880547,9.606708526611328,0.17154838603906086
45,F,Asintomático,UCI,1.753189688809935e-05,9.606708526611328,0.17154838603906086
50,M,Asintomático,Hospitalizado,0.9621832439181318,9.599699020385742,0.16248613305321885
50,M,Asintomático,Recuperado,0.03772526676282502,9.599699020385742,0.16248613305321885
50,M,Asintomático,UCI,9.148931904313251e-05,9.599699020385742,0.16248613305321885
50,F,Asintomático,Hospitalizado,0.9554950228343064,9.606708526611328,0.17154838603906086
50,F,Asintomático,Recuperado,0.04448744526880547,9.606708526611328,0.17154838603906086
50,F,Asintomático,UCI,1.753189688809935e-05,9.606708526611328,0.17154838603906086
55,M,Asintomático,Hospitalizado,0.9621832439181318,9.599699020385742,0.16248613305321885
55,M,Asintomático,Recuperado,0.03772526676282502,9.599699020385742,0.16248613305321885
55,M,Asintomático,UCI,9.148931904313251e-05,9.599699020385742,0.16248613305321885
55,F,Asintomático,Hospitalizado,0.9554950228343064,9.606708526611328,0.17154838603906086
55,F,Asintomático,Recuperado,0.04448744526880547,9.606708526611328,0.17154838603906086
55,F,Asintomático,UCI,1.753189688809935e-05,9.606708526611328,0.17154838603906086
60,M,Asintomático,Hospitalizado,0.9621832439181318,9.599699020385742,0.16248613305321885
60,M,Asintomático,Recuperado,0.03772526676282502,9.599699020385742,0.16248613305321885
60,M,Asintomático,UCI,9.148931904313251e-05,9.599699020385742,0.16248613305321885
60,F,Asintomático,Hospitalizado,0.9554950228343064,9.606708526611328,0.17154838603906086
60,F,Asintomático,Recuperado,0.04448744526880547,9.606708526611328,0.17154838603906086
60,F,Asintomático,UCI,1.753189688809935e-05,9.606708526611328,0.17154838603906086
65,M,Asintomático,Hospitalizado,0.9621832439181318,9.599699020385742,0.16248613305321885
65,M,Asintomático,Recuperado,0.03772526676282502,9.599699020385742,0.16248613305321885
65,M,Asintomático,UCI,9.148931904313251e-05,9.599699020385742,0.16248613305321885
65,F,Asintomático,Hospitalizado,0.9554950228343064,9.606708526611328,0.17154838603906086
65,F,Asintomático,Recuperado,0.04448744526880547,9.606708526611328,0.17154838603906086
65,F,Asintomático,UCI,1.753189688809935e-05,9.606708526611328,0.17154838603906086
70,M,Asintomático,Hospitalizado,0.9621832439181318,9.599699020385742,0.16248613305321885
70,M,Asintomático,Recuperado,0.03772526676282502,9.599699020385742,0.16248613305321885
70,M,Asintomático,UCI,9.148931904313251e-05,9.599699020385742,0.16248613305321885
70,F,Asintomático,Hospitalizado,0.9554950228343064,9.606708526611328,0.17154838603906086
70,F,Asintomático,Recuperado,0.04448744526880547,9.606708526611328,0.17154838603906086
70,F,Asintomático,UCI,1.753189688809935e-05,9.606708526611328,0.17154838603906086
75,M,Asintomático,Hospitalizado,0.9621832439181318,9.599699020385742,0.16248613305321885
75,M,Asintomático,Recuperado,0.03772526676282502,9.599699020385742,0.16248613305321885
75,M,Asintomático,UCI,9.148931904313251e-05,9.599699020385742,0.16248613305321885
75,F,Asintomático,Hospitalizado,0.9554950228343064,9.606708526611328,0.17154838603906086
75,F,Asintomático,Recuperado,0.04448744526880547,9.606708526611328,0.17154838603906086
75,F,Asintomático,UCI,1.753189688809935e-05,9.606708526611328,0.17154838603906086
80,M,Asintomático,Hospitalizado,0.9621832439181318,9.599699020385742,0.16248613305321885
80,M,Asintomático,Recuperado,0.03772526676282502,9.599699020385742,0.16248613305321885
80,M,Asintomático,UCI,9.148931904313251e-05,9.599699020385742,0.16248613305321885
80,F,Asintomático,Hospitalizado,0.9554950228343064,9.606708526611328,0.17154838603906086
80,F,Asintomático,Recuperado,0.04448744526880547,9.606708526611328,0.17154838603906086
80,F,Asintomático,UCI,1.753189688809935e-05,9.606708526611328,0.17154838603906086
85,M,Asintomático,Hospitalizado,0.9621832439181318,9.599699020385742,0.16248613305321885
85,M,Asintomático,Recuperado,0.03772526676282502,9.599699020385742,0.16248613305321885
85,M,Asintomático,UCI,9.148931904313251e-05,9.599699020385742,0.16248613305321885
85,F,Asintomático,Hospitalizado,0.9554950228343064,9.606708526611328,0.17154838603906086
85,F,Asintomático,Recuperado,0.04448744526880547,9.606708526611328,0.17154838603906086
85,F,Asintomático,UCI,1.753189688809935e-05,9.606708526611328,0.17154838603906086
90,M,Asintomático,Hospitalizado,0.9621832439181318,9.599699020385742,0.16248613305321885
90,M,Asintomático,Recuperado,0.03772526676282502,9.599699020385742,0.16248613305321885
90,M,Asintomático,UCI,9.148931904313251e-05,9.599699020385742,0.16248613305321885
90,F,Asintomático,Hospitalizado,0.9554950228343064,9.606708526611328,0.17154838603906086
90,F,Asintomático,Recuperado,0.04448744526880547,9.606708526611328,0.17154838603906086
90,F,Asintomático,UCI,1.753189688809935e-05,9.606708526611328,0.17154838603906086
95,M,Asintomático,Hospitalizado,0.9621832439181318,9.599699020385742,0.16248613305321885
95,M,Asintomático,Recuperado,0.03772526676282502,9.599699020385742,0.16248613305321885
95,M,Asintomático,UCI,9.148931904313251e-05,9.599699020385742,0.16248613305321885
95,F,Asintomático,Hospitalizado,0.9554950228343064,9.606708526611328,0.17154838603906086
95,F,Asintomático,Recuperado,0.04448744526880547,9.606708526611328,0.17154838603906086
95,F,Asintomático,UCI,1.753189688809935e-05,9.606708526611328,0.17154838603906086
0,M,Contagiado,Asintomático,0.6688263011117973,1.73193359375,0.13881270354598138
0,M,Contagiado,Sintomático,0.3311736988882026,1.73193359375,0.13881270354598138
0,F,Contagiado,Asintomático,0.6872288378484457,1.61376953125,0.14765152442696242
0,F,Contagiado,Sintomático,0.31277116215155437,1.61376953125,0.14765152442696242
5,M,Contagiado,Asintomático,0.6688263011117973,1.73193359375,0.13881270354598138
5,M,Contagiado,Sintomático,0.3311736988882026,1.73193359375,0.13881270354598138
5,F,Contagiado,Asintomático,0.6872288378484457,1.61376953125,0.14765152442696242
5,F,Contagiado,Sintomático,0.31277116215155437,1.61376953125,0.14765152442696242
10,M,Contagiado,Asintomático,0.6688263011117973,1.73193359375,0.13881270354598138
10,M,Contagiado,Sintomático,0.3311736988882026,1.73193359375,0.13881270354598138
10,F,Contagiado,Asintomático,0.6872288378484457,1.61376953125,0.14765152442696242
10,F,Contagiado,Sintomático,0.31277116215155437,1.61376953125,0.14765152442696242
15,M,Contagiado,Asintomático,0.6688263011117973,1.73193359375,0.13881270354598138
15,M,Contagiado,Sintomático,0.3311736988882026,1.73193359375,0.13881270354598138
15,F,Contagiado,Asintomático,0.6872288378484457,1.61376953125,0.14765152442696242
15,F,Contagiado,Sintomático,0.31277116215155437,1.61376953125,0.14765152442696242
20,M,Contagiado,Asintomático,0.6688263011117973,1.73193359375,0.13881270354598138
20,M,Contagiado,Sintomático,0.3311736988882026,1.73193359375,0.13881270354598138
20,F,Contagiado,Asintomático,0.6872288378484457,1.61376953125,0.14765152442696242
20,F,Contagiado,Sintomático,0.31277116215155437,1.61376953125,0.14765152442696242
25,M,Contagiado,Asintomático,0.6688263011117973,1.73193359375,0.13881270354598138
25,M,Contagiado,Sintomático,0.3311736988882026,1.73193359375,0.13881270354598138
25,F,Contagiado,Asintomático,0.6872288378484457,1.61376953125,0.14765152442696242
25,F,Contagiado,Sintomático,0.31277116215155437,1.61376953125,0.14765152442696242
30,M,Contagiado,Asintomático,0.6688263011117973,1.73193359375,0.13881270354598138
30,M,Contagiado,Sintomático,0.3311736988882026,1.73193359375,0.13881270354598138
30,F,Contagiado,Asintomático,0.6872288378484457,1.61376953125,0.14765152442696242
30,F,Contagiado,Sintomático,0.31277116215155437,1.61376953125,0.14765152442696242
35,M,Contagiado,Asintomático,0.6688263011117973,1.73193359375,0.13881270354598138
35,M,Contagiado,Sintomático,0.3311736988882026,1.73193359375,0.13881270354598138
35,F,Contagiado,Asintomático,0.6872288378484457,1.61376953125,0.14765152442696242
35,F,Contagiado,Sintomático,0.31277116215155437,1.61376953125,0.14765152442696242
40,M,Contagiado,Asintomático,0.6688263011117973,1.73193359375,0.13881270354598138
40,M,Contagiado,Sintomático,0.3311736988882026,1.73193359375,0.13881270354598138
40,F,Contagiado,Asintomático,0.6872288378484457,1.61376953125,0.14765152442696242
40,F,Contagiado,Sintomático,0.31277116215155437,1.61376953125,0.14765152442696242
45,M,Contagiado,Asintomático,0.6688263011117973,1.73193359375,0.13881270354598138
45,M,Contagiado,Sintomático,0.3311736988882026,1.73193359375,0.13881270354598138
45,F,Contagiado,Asintomático,0.6872288378484457,1.61376953125,0.14765152442696242
45,F,Contagiado,Sintomático,0.31277116215155437,1.61376953125,0.14765152442696242
50,M,Contagiado,Asintomático,0.6688263011117973,1.73193359375,0.13881270354598138
50,M,Contagiado,Sintomático,0.3311736988882026,1.73193359375,0.13881270354598138
50,F,Contagiado,Asintomático,0.6872288378484457,1.61376953125,0.14765152442696242
50,F,Contagiado,Sintomático,0.31277116215155437,1.61376953125,0.14765152442696242
55,M,Contagiado,Asintomático,0.6688263011117973,1.73193359375,0.13881270354598138
55,M,Contagiado,Sintomático,0.3311736988882026,1.73193359375,0.13881270354598138
55,F,Contagiado,Asintomático,0.6872288378484457,1.61376953125,0.14765152442696242
55,F,Contagiado,Sintomático,0.31277116215155437,1.61376953125,0.14765152442696242
60,M,Contagiado,Asintomático,0.6688263011117973,1.73193359375,0.13881270354598138
60,M,Contagiado,Sintomático,0.3311736988882026,1.73193359375,0.13881270354598138
60,F,Contagiado,Asintomático,0.6872288378484457,1.61376953125,0.14765152442696242
60,F,Contagiado,Sintomático,0.31277116215155437,1.61376953125,0.14765152442696242
65,M,Contagiado,Asintomático,0.6688263011117973,1.73193359375,0.13881270354598138
65,M,Contagiado,Sintomático,0.3311736988882026,1.73193359375,0.13881270354598138
65,F,Contagiado,Asintomático,0.6872288378484457,1.61376953125,0.14765152442696242
65,F,Contagiado,Sintomático,0.31277116215155437,1.61376953125,0.14765152442696242
70,M,Contagiado,Asintomático,0.6688263011117973,1.73193359375,0.13881270354598138
70,M,Contagiado,Sintomático,0.3311736988882026,1.73193359375,0.13881270354598138
70,F,Contagiado,Asintomático,0.6872288378484457,1.61376953125,0.14765152442696242
70,F,Contagiado,Sintomático,0.31277116215155437,1.61376953125,0.14765152442696242
75,M,Contagiado,Asintomático,0.6688263011117973,1.73193359375,0.13881270354598138
75,M,Contagiado,Sintomático,0.3311736988882026,1.73193359375,0.13881270354598138
75,F,Contagiado,Asintomático,0.6872288378484457,1.61376953125,0.14765152442696242
75,F,Contagiado,Sintomático,0.31277116215155437,1.61376953125,0.14765152442696242
80,M,Contagiado,Asintomático,0.6688263011117973,1.73193359375,0.13881270354598138
80,M,Contagiado,Sintomático,0.3311736988882026,1.73193359375,0.13881270354598138
80,F,Contagiado,Asintomático,0.6872288378484457,1.61376953125,0.14765152442696242
80,F,Contagiado,Sintomático,0.31277116215155437,1.61376953125,0.14765152442696242
85,M,Contagiado,Asintomático,0.6688263011117973,1.73193359375,0.13881270354598138
85,M,Contagiado,Sintomático,0.3311736988882026,1.73193359375,0.13881270354598138
85,F,Contagiado,Asintomático,0.6872288378484457,1.61376953125,0.14765152442696242
85,F,Contagiado,Sintomático,0.31277116215155437,1.61376953125,0.14765152442696242
90,M,Contagiado,Asintomático,0.6688263011117973,1.73193359375,0.13881270354598138
90,M,Contagiado,Sintomático,0.3311736988882026,1.73193359375,0.13881270354598138
90,F,Contagiado,Asintomático,0.6872288378484457,1.61376953125,0.14765152442696242
90,F,Contagiado,Sintomático,0.31277116215155437,1.61376953125,0.14765152442696242
95,M,Contagiado,Asintomático,0.6688263011117973,1.73193359375,0.13881270354598138
95,M,Contagiado,Sintomático,0.3311736988882026,1.73193359375,0.13881270354598138
95,F,Contagiado,Asintomático,0.6872288378484457,1.61376953125,0.14765152442696242
95,F,Contagiado,Sintomático,0.31277116215155437,1.61376953125,0.14765152442696242
0,M,Hospitalizado,Fallecido,0.007040118093845488,21.0859375,0.14056421505140956
0,M,Hospitalizado,Recuperado,0.9619525909162536,21.0859375,0.14056421505140956
0,M,Hospitalizado,UCI,0.03100729098990078,21.0859375,0.14056421505140956
0,F,Hospitalizado,Fallecido,0.01077372836053953,20.109375,0.14097509200194447
0,F,Hospitalizado,Recuperado,0.9553574004403056,20.109375,0.14097509200194447
0,F,Hospitalizado,UCI,0.033868871199155035,20.109375,0.14097509200194447
5,M,Hospitalizado,Fallecido,0.007040118093845488,21.0859375,0.14056421505140956
5,M,Hospitalizado,Recuperado,0.9619525909162536,21.0859375,0.14056421505140956
5,M,Hospitalizado,UCI,0.03100729098990078,21.0859375,0.14056421505140956
5,F,Hospitalizado,Fallecido,0.01077372836053953,20.109375,0.14097509200194447
5,F,Hospitalizado,Recuperado,0.9553574004403056,20.109375,0.14097509200194447
5,F,Hospitalizado,UCI,0.033868871199155035,20.109375,0.14097509200194447
10,M,Hospitalizado,Fallecido,0.007040118093845488,21.0859375,0.14056421505140956
10,M,Hospitalizado,Recuperado,0.9619525909162536,21.0859375,0.14056421505140956
10,M,Hospitalizado,UCI,0.03100729098990078,21.0859375,0.14056421505140956
10,F,Hospitalizado,Fallecido,0.01077372836053953,20.109375,0.14097509200194447
10,F,Hospitalizado,Recuperado,0.9553574004403056,20.109375,0.14097509200194447
10,F,Hospitalizado,UCI,0.033868871199155035,20.109375,0.14097509200194447
15,M,Hospitalizado,Fallecido,0.007040118093845488,21.0859375,0.14056421505140956
15,M,Hospitalizado,Recuperado,0.9619525909162536,21.0859375,0.14056421505140956
15,M,Hospitalizado,UCI,0.03100729098990078,21.0859375,0.14056421505140956
15,F,Hospitalizado,Fallecido,0.01077372836053953,20.109375,0.14097509200194447
15,F,Hospitalizado,Recuperado,0.9553574004403056,20.109375,0.14097509200194447
15,F,Hospitalizado,UCI,0.033868871199155035,20.109375,0.14097509200194447
20,M,Hospitalizado,Fallecido,0.007040118093845488,21.0859375,0.14056421505140956
20,M,Hospitalizado,Recuperado,0.9619525909162536,21.0859375,0.14056421505140956
20,M,Hospitalizado,UCI,0.03100729098990078,21.0859375,0.14056421505140956
20,F,Hospitalizado,Fallecido,0.01077372836053953,20.109375,0.14097509200194447
20,F,Hospitalizado,Recuperado,0.9553574004403056,20.109375,0.14097509200194447
20,F,Hospitalizado,UCI,0.033868871199155035,20.109375,0.14097509200194447
25,M,Hospitalizado,Fallecido,0.007040118093845488,21.0859375,0.14056421505140956
25,M,Hospitalizado,Recuperado,0.9619525909162536,21.0859375,0.14056421505140956
25,M,Hospitalizado,UCI,0.03100729098990078,21.0859375,0.14056421505140956
25,F,Hospitalizado,Fallecido,0.01077372836053953,20.109375,0.14097509200194447
25,F,Hospitalizado,Recuperado,0.9553574004403056,20.109375,0.14097509200194447
25,F,Hospitalizado,UCI,0.033868871199155035,20.109375,0.14097509200194447
30,M,Hospitalizado,Fallecido,0.007040118093845488,21.0859375,0.14056421505140956
30,M,Hospitalizado,Recuperado,0.9619525909162536,21.0859375,0.14056421505140956
30,M,Hospitalizado,UCI,0.03100729098990078,21.0859375,0.14056421505140956
30,F,Hospitalizado,Fallecido,0.01077372836053953,20.109375,0.14097509200194447
30,F,Hospitalizado,Recuperado,0.9553574004403056,20.109375,0.14097509200194447
30,F,Hospitalizado,UCI,0.033868871199155035,20.109375,0.14097509200194447
35,M,Hospitalizado,Fallecido,0.007040118093845488,21.0859375,0.14056421505140956
35,M,Hospitalizado,Recuperado,0.9619525909162536,21.0859375,0.14056421505140956
35,M,Hospitalizado,UCI,0.03100729098990078,21.0859375,0.14056421505140956
35,F,Hospitalizado,Fallecido,0.01077372836053953,20.109375,0.14097509200194447
35,F,Hospitalizado,Recuperado,0.9553574004403056,20.109375,0.14097509200194447
35,F,Hospitalizado,UCI,0.033868871199155035,20.109375,0.14097509200194447
40,M,Hospitalizado,Fallecido,0.007040118093845488,21.0859375,0.14056421505140956
40,M,Hospitalizado,Recuperado,0.9619525909162536,21.0859375,0.14056421505140956
40,M,Hospitalizado,UCI,0.03100729098990078,21.0859375,0.14056421505140956
40,F,Hospitalizado,Fallecido,0.01077372836053953,20.109375,0.14097509200194447
40,F,Hospitalizado,Recuperado,0.9553574004403056,20.109375,0.14097509200194447
40,F,Hospitalizado,UCI,0.033868871199155035,20.109375,0.14097509200194447
45,M,Hospitalizado,Fallecido,0.007040118093845488,21.0859375,0.14056421505140956
45,M,Hospitalizado,Recuperado,0.9619525909162536,21.0859375,0.14056421505140956
45,M,Hospitalizado,UCI,0.03100729098990078,21.0859375,0.14056421505140956
45,F,Hospitalizado,Fallecido,0.01077372836053953,20.109375,0.14097509200194447
45,F,Hospitalizado,Recuperado,0.9553574004403056,20.109375,0.14097509200194447
45,F,Hospitalizado,UCI,0.033868871199155035,20.109375,0.14097509200194447
50,M,Hospitalizado,Fallecido,0.007040118093845488,21.0859375,0.14056421505140956
50,M,Hospitalizado,Recuperado,0.9619525909162536,21.0859375,0.14056421505140956
50,M,Hospitalizado,UCI,0.03100729098990078,21.0859375,0.14056421505140956
50,F,Hospitalizado,Fallecido,0.01077372836053953,20.109375,0.14097509200194447
50,F,Hospitalizado,Recuperado,0.9553574004403056,20.109375,0.14097509200194447
50,F,Hospitalizado,UCI,0.033868871199155035,20.109375,0.14097509200194447
55,M,Hospitalizado,Fallecido,0.007040118093845488,21.0859375,0.14056421505140956
55,M,Hospitalizado,Recuperado,0.9619525909162536,21.0859375,0.14056421505140956
55,M,Hospitalizado,UCI,0.03100729098990078,21.0859375,0.14056421505140956
55,F,Hospitalizado,Fallecido,0.01077372836053953,20.109375,0.14097509200194447
55,F,Hospitalizado,Recuperado,0.9553574004403056,20.109375,0.14097509200194447
55,F,Hospitalizado,UCI,0.033868871199155035,20.109375,0.14097509200194447
60,M,Hospitalizado,Fallecido,0.007040118093845488,21.0859375,0.14056421505140956
60,M,Hospitalizado,Recuperado,0.9619525909162536,21.0859375,0.14056421505140956
60,M,Hospitalizado,UCI,0.03100729098990078,21.0859375,0.14056421505140956
60,F,Hospitalizado,Fallecido,0.01077372836053953,20.109375,0.14097509200194447
60,F,Hospitalizado,Recuperado,0.9553574004403056,20.109375,0.14097509200194447
60,F,Hospitalizado,UCI,0.033868871199155035,20.109375,0.14097509200194447
65,M,Hospitalizado,Fallecido,0.007040118093845488,21.0859375,0.14056421505140956
65,M,Hospitalizado,Recuperado,0.9619525909162536,21.0859375,0.14056421505140956
65,M,Hospitalizado,UCI,0.03100729098990078,21.0859375,0.14056421505140956
65,F,Hospitalizado,Fallecido,0.01077372836053953,20.109375,0.14097509200194447
65,F,Hospitalizado,Recuperado,0.9553574004403056,20.109375,0.14097509200194447
65,F,Hospitalizado,UCI,0.033868871199155035,20.109375,0.14097509200194447
70,M,Hospitalizado,Fallecido,0.007040118093845488,21.0859375,0.14056421505140956
70,M,Hospitalizado,Recuperado,0.9619525909162536,21.0859375,0.14056421505140956
70,M,Hospitalizado,UCI,0.03100729098990078,21.0859375,0.14056421505140956
70,F,Hospitalizado,Fallecido,0.01077372836053953,20.109375,0.14097509200194447
70,F,Hospitalizado,Recuperado,0.9553574004403056,20.109375,0.14097509200194447
70,F,Hospitalizado,UCI,0.033868871199155035,20.109375,0.14097509200194447
75,M,Hospitalizado,Fallecido,0.007040118093845488,21.0859375,0.14056421505140956
75,M,Hospitalizado,Recuperado,0.9619525909162536,21.0859375,0.14056421505140956
75,M,Hospitalizado,UCI,0.03100729098990078,21.0859375,0.14056421505140956
75,F,Hospitalizado,Fallecido,0.01077372836053953,20.109375,0.14097509200194447
75,F,Hospitalizado,Recuperado,0.9553574004403056,20.109375,0.14097509200194447
75,F,Hospitalizado,UCI,0.033868871199155035,20.109375,0.14097509200194447
80,M,Hospitalizado,Fallecido,0.007040118093845488,21.0859375,0.14056421505140956
80,M,Hospitalizado,Recuperado,0.9619525909162536,21.0859375,0.14056421505140956
80,M,Hospitalizado,UCI,0.03100729098990078,21.0859375,0.14056421505140956
80,F,Hospitalizado,Fallecido,0.01077372836053953,20.109375,0.14097509200194447
80,F,Hospitalizado,Recuperado,0.9553574004403056,20.109375,0.14097509200194447
80,F,Hospitalizado,UCI,0.033868871199155035,20.109375,0.14097509200194447
85,M,Hospitalizado,Fallecido,0.007040118093845488,21.0859375,0.14056421505140956
85,M,Hospitalizado,Recuperado,0.9619525909162536,21.0859375,0.14056421505140956
85,M,Hospitalizado,UCI,0.03100729098990078,21.0859375,0.14056421505140956
85,F,Hospitalizado,Fallecido,0.01077372836053953,20.109375,0.14097509200194447
85,F,Hospitalizado,Recuperado,0.9553574004403056,20.109375,0.14097509200194447
85,F,Hospitalizado,UCI,0.033868871199155035,20.109375,0.14097509200194447
90,M,Hospitalizado,Fallecido,0.007040118093845488,21.0859375,0.14056421505140956
90,M,Hospitalizado,Recuperado,0.9619525909162536,21.0859375,0.14056421505140956
90,M,Hospitalizado,UCI,0.03100729098990078,21.0859375,0.14056421505140956
90,F,Hospitalizado,Fallecido,0.01077372836053953,20.109375,0.14097509200194447
90,F,Hospitalizado,Recuperado,0.9553574004403056,20.109375,0.14097509200194447
90,F,Hospitalizado,UCI,0.033868871199155035,20.109375,0.14097509200194447
95,M,Hospitalizado,Fallecido,0.007040118093845488,21.0859375,0.14056421505140956
95,M,Hospitalizado,Recuperado,0.9619525909162536,21.0859375,0.14056421505140956
95,M,Hospitalizado,UCI,0.03100729098990078,21.0859375,0.14056421505140956
95,F,Hospitalizado,Fallecido,0.01077372836053953,20.109375,0.14097509200194447
95,F,Hospitalizado,Recuperado,0.9553574004403056,20.109375,0.14097509200194447
95,F,Hospitalizado,UCI,0.033868871199155035,20.109375,0.14097509200194447
0,M,Sintomático,Fallecido,1.9644389017766233e-05,5.313329696655273,0.13745811202741576
0,M,Sintomático,Hospitalizado,0.9996952371788362,5.313329696655273,0.13745811202741576
0,M,Sintomático,Recuperado,0.00024657095180920404,5.313329696655273,0.13745811202741576
0,M,Sintomático,UCI,3.8547480336748806e-05,5.313329696655273,0.13745811202741576
0,F,Sintomático,Fallecido,1.0239803727573832e-05,4.819038271903992,0.1346561519516187
0,F,Sintomático,Hospitalizado,0.9996282558177,4.819038271903992,0.1346561519516187
0,F,Sintomático,Recuperado,0.0003213179790376617,4.819038271903992,0.1346561519516187
0,F,Sintomático,UCI,4.018639953462936e-05,4.819038271903992,0.1346561519516187
5,M,Sintomático,Fallecido,1.9644389017766233e-05,5.313329696655273,0.13745811202741576
5,M,Sintomático,Hospitalizado,0.9996952371788362,5.313329696655273,0.13745811202741576
5,M,Sintomático,Recuperado,0.00024657095180920404,5.313329696655273,0.13745811202741576
5,M,Sintomático,UCI,3.8547480336748806e-05,5.313329696655273,0.13745811202741576
5,F,Sintomático,Fallecido,1.0239803727573832e-05,4.819038271903992,0.1346561519516187
5,F,Sintomático,Hospitalizado,0.9996282558177,4.819038271903992,0.1346561519516187
5,F,Sintomático,Recuperado,0.0003213179790376617,4.819038271903992,0.1346561519516187
5,F,Sintomático,UCI,4.018639953462936e-05,4.819038271903992,0.1346561519516187
10,M,Sintomático,Fallecido,1.9644389017766233e-05,5.313329696655273,0.13745811202741576
10,M,Sintomático,Hospitalizado,0.9996952371788362,5.313329696655273,0.13745811202741576
10,M,Sintomático,Recuperado,0.00024657095180920404,5.313329696655273,0.13745811202741576
10,M,Sintomático,UCI,3.8547480336748806e-05,5.313329696655273,0.13745811202741576
10,F,Sintomático,Fallecido,1.0239803727573832e-05,4.819038271903992,0.1346561519516187
10,F,Sintomático,Hospitalizado,0.9996282558177,4.819038271903992,0.1346561519516187
10,F,Sintomático,Recuperado,0.0003213179790376617,4.819038271903992,0.1346561519516187
10,F,Sintomático,UCI,4.018639953462936e-05,4.819038271903992,0.1346561519516187
15,M,Sintomático,Fallecido,1.9644389017766233e-05,5.313329696655273,0.13745811202741576
15,M,Sintomático,Hospitalizado,0.9996952371788362,5.313329696655273,0.13745811202741576
15,M,Sintomático,Recuperado,0.00024657095180920404,5.313329696655273,0.13745811202741576
15,M,Sintomático,UCI,3.8547480336748806e-05,5.313329696655273,0.13745811202741576
15,F,Sintomático,Fallecido,1.0239803727573832e-05,4.819038271903992,0.1346561519516187
15,F,Sintomático,Hospitalizado,0.9996282558177,4.819038271903992,0.1346561519516187
15,F,Sintomático,Recuperado,0.0003213179790376617,4.819038271903992,0.1346561519516187
15,F,Sintomático,UCI,4.018639953462936e-05,4.819038271903992,0.1346561519516187
20,M,Sintomático,Fallecido,1.9644389017766233e-05,5.313329696655273,0.13745811202741576
20,M,Sintomático,Hospitalizado,0.9996952371788362,5.313329696655273,0.13745811202741576
20,M,Sintomático,Recuperado,0.00024657095180920404,5.313329696655273,0.13745811202741576
20,M,Sintomático,UCI,3.8547480336748806e-05,5.313329696655273,0.13745811202741576
20,F,Sintomático,Fallecido,1.0239803727573832e-05,4.819038271903992,0.1346561519516187
20,F,Sintomático,Hospitalizado,0.9996282558177,4.819038271903992,0.1346561519516187
20,F,Sintomático,Recuperado,0.0003213179790376617,4.819038271903992,0.1346561519516187
20,F,Sintomático,UCI,4.018639953462936e-05,4.819038271903992,0.1346561519516187
25,M,Sintomático,Fallecido,1.9644389017766233e-05,5.313329696655273,0.13745811202741576
25,M,Sintomático,Hospitalizado,0.9996952371788362,5.313329696655273,0.13745811202741576
25,M,Sintomático,Recuperado,0.00024657095180920404,5.313329696655273,0.13745811202741576
25,M,Sintomático,UCI,3.8547480336748806e-05,5.313329696655273,0.13745811202741576
25,F,Sintomático,Fallecido,1.0239803727573832e-05,4.819038271903992,0.1346561519516187
25,F,Sintomático,Hospitalizado,0.9996282558177,4.819038271903992,0.1346561519516187
25,F,Sintomático,Recuperado,0.0003213179790376617,4.819038271903992,0.1346561519516187
25,F,Sintomático,UCI,4.018639953462936e-05,4.819038271903992,0.1346561519516187
30,M,Sintomático,Fallecido,1.9644389017766233e-05,5.313329696655273,0.13745811202741576
30,M,Sintomático,Hospitalizado,0.9996952371788362,5.313329696655273,0.13745811202741576
30,M,Sintomático,Recuperado,0.00024657095180920404,5.313329696655273,0.13745811202741576
30,M,Sintomático,UCI,3.8547480336748806e-05,5.313329696655273,0.13745811202741576
30,F,Sintomático,Fallecido,1.0239803727573832e-05,4.819038271903992,0.1346561519516187
30,F,Sintomático,Hospitalizado,0.9996282558177,4.819038271903992,0.1346561519516187
30,F,Sintomático,Recuperado,0.0003213179790376617,4.819038271903992,0.1346561519516187
30,F,Sintomático,UCI,4.018639953462936e-05,4.819038271903992,0.1346561519516187
35,M,Sintomático,Fallecido,1.9644389017766233e-05,5.313329696655273,0.13745811202741576
35,M,Sintomático,Hospitalizado,0.9996952371788362,5.313329696655273,0.13745811202741576
35,M,Sintomático,Recuperado,0.00024657095180920404,5.313329696655273,0.13745811202741576
35,M,Sintomático,UCI,3.8547480336748806e-05,5.313329696655273,0.13745811202741576
35,F,Sintomático,Fallecido,1.0239803727573832e-05,4.819038271903992,0.1346561519516187
35,F,Sintomático,Hospitalizado,0.9996282558177,4.819038271903992,0.1346561519516187
35,F,Sintomático,Recuperado,0.0003213179790376617,4.819038271903992,0.1346561519516187
35,F,Sintomático,UCI,4.018639953462936e-05,4.819038271903992,0.1346561519516187
40,M,Sintomático,Fallecido,1.9644389017766233e-05,5.313329696655273,0.13745811202741576
40,M,Sintomático,Hospitalizado,0.9996952371788362,5.313329696655273,0.13745811202741576
40,M,Sintomático,Recuperado,0.00024657095180920404,5.313329696655273,0.13745811202741576
40,M,Sintomático,UCI,3.8547480336748806e-05,5.313329696655273,0.13745811202741576
40,F,Sintomático,Fallecido,1.0239803727573832e-05,4.819038271903992,0.1346561519516187
40,F,Sintomático,Hospitalizado,0.9996282558177,4.819038271903992,0.1346561519516187
40,F,Sintomático,Recuperado,0.0003213179790376617,4.819038271903992,0.1346561519516187
40,F,Sintomático,UCI,4.018639953462936e-05,4.819038271903992,0.1346561519516187
45,M,Sintomático,Fallecido,1.9644389017766233e-05,5.313329696655273,0.13745811202741576
45,M,Sintomático,Hospitalizado,0.9996952371788362,5.313329696655273,0.13745811202741576
45,M,Sintomático,Recuperado,0.00024657095180920404,5.313329696655273,0.13745811202741576
45,M,Sintomático,UCI,3.8547480336748806e-05,5.313329696655273,0.13745811202741576
45,F,Sintomático,Fallecido,1.0239803727573832e-05,4.819038271903992,0.1346561519516187
45,F,Sintomático,Hospitalizado,0.9996282558177,4.819038271903992,0.1346561519516187
45,F,Sintomático,Recuperado,0.0003213179790376617,4.819038271903992,0.1346561519516187
45,F,Sintomático,UCI,4.018639953462936e-05,4.819038271903992,0.1346561519516187
50,M,Sintomático,Fallecido,1.9644389017766233e-05,5.313329696655273,0.13745811202741576
50,M,Sintomático,Hospitalizado,0.9996952371788362,5.313329696655273,0.13745811202741576
50,M,Sintomático,Recuperado,0.00024657095180920404,5.313329696655273,0.13745811202741576
50,M,Sintomático,UCI,3.8547480336748806e-05,5.313329696655273,0.13745811202741576
50,F,Sintomático,Fallecido,1.0239803727573832e-05,4.819038271903992,0.1346561519516187
50,F,Sintomático,Hospitalizado,0.9996282558177,4.819038271903992,0.1346561519516187
50,F,Sintomático,Recuperado,0.0003213179790376617,4.819038271903992,0.1346561519516187
50,F,Sintomático,UCI,4.018639953462936e-05,4.819038271903992,0.1346561519516187
55,M,Sintomático,Fallecido,1.9644389017766233e-05,5.313329696655273,0.13745811202741576
55,M,Sintomático,Hospitalizado,0.9996952371788362,5.313329696655273,0.13745811202741576
55,M,Sintomático,Recuperado,0.00024657095180920404,5.313329696655273,0.13745811202741576
55,M,Sintomático,UCI,3.8547480336748806e-05,5.313329696655273,0.13745811202741576
55,F,Sintomático,Fallecido,1.0239803727573832e-05,4.819038271903992,0.1346561519516187
55,F,Sintomático,Hospitalizado,0.9996282558177,4.819038271903992,0.1346561519516187
55,F,Sintomático,Recuperado,0.0003213179790376617,4.819038271903992,0.1346561519516187
55,F,Sintomático,UCI,4.018639953462936e-05,4.819038271903992,0.1346561519516187
60,M,Sintomático,Fallecido,1.9644389017766233e-05,5.313329696655273,0.13745811202741576
60,M,Sintomático,Hospitalizado,0.9996952371788362,5.313329696655273,0.13745811202741576
60,M,Sintomático,Recuperado,0.00024657095180920404,5.313329696655273,0.13745811202741576
60,M,Sintomático,UCI,3.8547480336748806e-05,5.313329696655273,0.13745811202741576
60,F,Sintomático,Fallecido,1.0239803727573832e-05,4.819038271903992,0.1346561519516187
60,F,Sintomático,Hospitalizado,0.9996282558177,4.819038271903992,0.1346561519516187
60,F,Sintomático,Recuperado,0.0003213179790376617,4.819038271903992,0.1346561519516187
60,F,Sintomático,UCI,4.018639953462936e-05,4.819038271903992,0.1346561519516187
65,M,Sintomático,Fallecido,1.9644389017766233e-05,5.313329696655273,0.13745811202741576
65,M,Sintomático,Hospitalizado,0.9996952371788362,5.313329696655273,0.13745811202741576
65,M,Sintomático,Recuperado,0.00024657095180920404,5.313329696655273,0.13745811202741576
65,M,Sintomático,UCI,3.8547480336748806e-05,5.313329696655273,0.13745811202741576
65,F,Sintomático,Fallecido,1.0239803727573832e-05,4.819038271903992,0.1346561519516187
65,F,Sintomático,Hospitalizado,0.9996282558177,4.819038271903992,0.1346561519516187
65,F,Sintomático,Recuperado,0.0003213179790376617,4.819038271903992,0.1346561519516187
65,F,Sintomático,UCI,4.018639953462936e-05,4.819038271903992,0.1346561519516187
70,M,Sintomático,Fallecido,1.9644389017766233e-05,5.313329696655273,0.13745811202741576
70,M,Sintomático,Hospitalizado,0.9996952371788362,5.313329696655273,0.13745811202741576
70,M,Sintomático,Recuperado,0.00024657095180920404,5.313329696655273,0.13745811202741576
70,M,Sintomático,UCI,3.8547480336748806e-05,5.313329696655273,0.13745811202741576
70,F,Sintomático,Fallecido,1.0239803727573832e-05,4.819038271903992,0.1346561519516187
70,F,Sintomático,Hospitalizado,0.9996282558177,4.819038271903992,0.1346561519516187
70,F,Sintomático,Recuperado,0.0003213179790376617,4.819038271903992,0.1346561519516187
70,F,Sintomático,UCI,4.018639953462936e-05,4.819038271903992,0.1346561519516187
75,M,Sintomático,Fallecido,1.9644389017766233e-05,5.313329696655273,0.13745811202741576
75,M,Sintomático,Hospitalizado,0.9996952371788362,5.313329696655273,0.13745811202741576
75,M,Sintomático,Recuperado,0.00024657095180920404,5.313329696655273,0.13745811202741576
75,M,Sintomático,UCI,3.8547480336748806e-05,5.313329696655273,0.13745811202741576
75,F,Sintomático,Fallecido,1.0239803727573832e-05,4.819038271903992,0.1346561519516187
75,F,Sintomático,Hospitalizado,0.9996282558177,4.819038271903992,0.1346561519516187
75,F,Sintomático,Recuperado,0.0003213179790376617,4.819038271903992,0.1346561519516187
75,F,Sintomático,UCI,4.018639953462936e-05,4.819038271903992,0.1346561519516187
80,M,Sintomático,Fallecido,1.9644389017766233e-05,5.313329696655273,0.13745811202741576
80,M,Sintomático,Hospitalizado,0.9996952371788362,5.313329696655273,0.13745811202741576
80,M,Sintomático,Recuperado,0.00024657095180920404,5.313329696655273,0.13745811202741576
80,M,Sintomático,UCI,3.8547480336748806e-05,5.313329696655273,0.13745811202741576
80,F,Sintomático,Fallecido,1.0239803727573832e-05,4.819038271903992,0.1346561519516187
80,F,Sintomático,Hospitalizado,0.9996282558177,4.819038271903992,0.1346561519516187
80,F,Sintomático,Recuperado,0.0003213179790376617,4.819038271903992,0.1346561519516187
80,F,Sintomático,UCI,4.018639953462936e-05,4.819038271903992,0.1346561519516187
85,M,Sintomático,Fallecido,1.9644389017766233e-05,5.313329696655273,0.13745811202741576
85,M,Sintomático,Hospitalizado,0.9996952371788362,5.313329696655273,0.13745811202741576
85,M,Sintomático,Recuperado,0.00024657095180920404,5.313329696655273,0.13745811202741576
85,M,Sintomático,UCI,3.8547480336748806e-05,5.313329696655273,0.13745811202741576
85,F,Sintomático,Fallecido,1.0239803727573832e-05,4.819038271903992,0.1346561519516187
85,F,Sintomático,Hospitalizado,0.9996282558177,4.819038271903992,0.1346561519516187
85,F,Sintomático,Recuperado,0.0003213179790376617,4.819038271903992,0.1346561519516187
85,F,Sintomático,UCI,4.018639953462936e-05,4.819038271903992,0.1346561519516187
90,M,Sintomático,Fallecido,1.9644389017766233e-05,5.313329696655273,0.13745811202741576
90,M,Sintomático,Hospitalizado,0.9996952371788362,5.313329696655273,0.13745811202741576
90,M,Sintomático,Recuperado,0.00024657095180920404,5.313329696655273,0.13745811202741576
90,M,Sintomático,UCI,3.8547480336748806e-05,5.313329696655273,0.13745811202741576
90,F,Sintomático,Fallecido,1.0239803727573832e-05,4.819038271903992,0.1346561519516187
90,F,Sintomático,Hospitalizado,0.9996282558177,4.819038271903992,0.1346561519516187
90,F,Sintomático,Recuperado,0.0003213179790376617,4.819038271903992,0.1346561519516187
90,F,Sintomático,UCI,4.018639953462936e-05,4.819038271903992,0.1346561519516187
95,M,Sintomático,Fallecido,1.9644389017766233e-05,5.313329696655273,0.13745811202741576
95,M,Sintomático,Hospitalizado,0.9996952371788362,5.313329696655273,0.13745811202741576
95,M,Sintomático,Recuperado,0.00024657095180920404,5.313329696655273,0.13745811202741576
95,M,Sintomático,UCI,3.8547480336748806e-05,5.313329696655273,0.13745811202741576
95,F,Sintomático,Fallecido,1.0239803727573832e-05,4.819038271903992,0.1346561519516187
95,F,Sintomático,Hospitalizado,0.9996282558177,4.819038271903992,0.1346561519516187
95,F,Sintomático,Recuperado,0.0003213179790376617,4.819038271903992,0.1346561519516187
95,F,Sintomático,UCI,4.018639953462936e-05,4.819038271903992,0.1346561519516187
0,M,UCI,Fallecido,0.00024357951270664378,9.650671005249023,0.14970280258005098
0,M,UCI,Hospitalizado,0.9253539511514457,9.650671005249023,0.14970280258005098
0,M,UCI,Recuperado,0.07440246933584765,9.650671005249023,0.14970280258005098
0,F,UCI,Fallecido,0.0006919226035428821,9.506423950195312,0.15807230941670108
0,F,UCI,Hospitalizado,0.899503483673302,9.506423950195312,0.15807230941670108
0,F,UCI,Recuperado,0.09980459372315505,9.506423950195312,0.15807230941670108
5,M,UCI,Fallecido,0.00024357951270664378,9.650671005249023,0.14970280258005098
5,M,UCI,Hospitalizado,0.9253539511514457,9.650671005249023,0.14970280258005098
5,M,UCI,Recuperado,0.07440246933584765,9.650671005249023,0.14970280258005098
5,F,UCI,Fallecido,0.0006919226035428821,9.506423950195312,0.15807230941670108
5,F,UCI,Hospitalizado,0.899503483673302,9.506423950195312,0.15807230941670108
5,F,UCI,Recuperado,0.09980459372315505,9.506423950195312,0.15807230941670108
10,M,UCI,Fallecido,0.00024357951270664378,9.650671005249023,0.14970280258005098
10,M,UCI,Hospitalizado,0.9253539511514457,9.650671005249023,0.14970280258005098
10,M,UCI,Recuperado,0.07440246933584765,9.650671005249023,0.14970280258005098
10,F,UCI,Fallecido,0.0006919226035428821,9.506423950195312,0.15807230941670108
10,F,UCI,Hospitalizado,0.899503483673302,9.506423950195312,0.15807230941670108
10,F,UCI,Recuperado,0.09980459372315505,9.506423950195312,0.15807230941670108
15,M,UCI,Fallecido,0.00024357951270664378,9.650671005249023,0.14970280258005098
15,M,UCI,Hospitalizado,0.9253539511514457,9.650671005249023,0.14970280258005098
15,M,UCI,Recuperado,0.07440246933584765,9.650671005249023,0.14970280258005098
15,F,UCI,Fallecido,0.0006919226035428821,9.506423950195312,0.15807230941670108
15,F,UCI,Hospitalizado,0.899503483673302,9.506423950195312,0.15807230941670108
15,F,UCI,Recuperado,0.09980459372315505,9.506423950195312,0.15807230941670108
20,M,UCI,Fallecido,0.00024357951270664378,9.650671005249023,0.14970280258005098
20,M,UCI,Hospitalizado,0.9253539511514457,9.650671005249023,0.14970280258005098
20,M,UCI,Recuperado,0.07440246933584765,9.650671005249023,0.14970280258005098
20,F,UCI,Fallecido,0.0006919226035428821,9.506423950195312,0.15807230941670108
20,F,UCI,Hospitalizado,0.899503483673302,9.506423950195312,0.15807230941670108
20,F,UCI,Recuperado,0.09980459372315505,9.506423950195312,0.15807230941670108
25,M,UCI,Fallecido,0.00024357951270664378,9.650671005249023,0.14970280258005098
25,M,UCI,Hospitalizado,0.9253539511514457,9.650671005249023,0.14970280258005098
25,M,UCI,Recuperado,0.07440246933584765,9.650671005249023,0.14970280258005098
25,F,UCI,Fallecido,0.0006919226035428821,9.506423950195312,0.15807230941670108
25,F,UCI,Hospitalizado,0.899503483673302,9.506423950195312,0.15807230941670108
25,F,UCI,Recuperado,0.09980459372315505,9.506423950195312,0.15807230941670108
30,M,UCI,Fallecido,0.00024357951270664378,9.650671005249023,0.14970280258005098
30,M,UCI,Hospitalizado,0.9253539511514457,9.650671005249023,0.14970280258005098
30,M,UCI,Recuperado,0.07440246933584765,9.650671005249023,0.14970280258005098
30,F,UCI,Fallecido,0.0006919226035428821,9.506423950195312,0.15807230941670108
30,F,UCI,Hospitalizado,0.899503483673302,9.506423950195312,0.15807230941670108
30,F,UCI,Recuperado,0.09980459372315505,9.506423950195312,0.15807230941670108
35,M,UCI,Fallecido,0.00024357951270664378,9.650671005249023,0.14970280258005098
35,M,UCI,Hospitalizado,0.9253539511514457,9.650671005249023,0.14970280258005098
35,M,UCI,Recuperado,0.07440246933584765,9.650671005249023,0.14970280258005098
35,F,UCI,Fallecido,0.0006919226035428821,9.506423950195312,0.15807230941670108
35,F,UCI,Hospitalizado,0.899503483673302,9.506423950195312,0.15807230941670108
35,F,UCI,Recuperado,0.09980459372315505,9.506423950195312,0.15807230941670108
40,M,UCI,Fallecido,0.00024357951270664378,9.650671005249023,0.14970280258005098
40,M,UCI,Hospitalizado,0.9253539511514457,9.650671005249023,0.14970280258005098
40,M,UCI,Recuperado,0.07440246933584765,9.650671005249023,0.14970280258005098
40,F,UCI,Fallecido,0.0006919226035428821,9.506423950195312,0.15807230941670108
40,F,UCI,Hospitalizado,0.899503483673302,9.506423950195312,0.15807230941670108
40,F,UCI,Recuperado,0.09980459372315505,9.506423950195312,0.15807230941670108
45,M,UCI,Fallecido,0.00024357951270664378,9.650671005249023,0.14970280258005098
45,M,UCI,Hospitalizado,0.9253539511514457,9.650671005249023,0.14970280258005098
45,M,UCI,Recuperado,0.07440246933584765,9.650671005249023,0.14970280258005098
45,F,UCI,Fallecido,0.0006919226035428821,9.506423950195312,0.15807230941670108
45,F,UCI,Hospitalizado,0.899503483673302,9.506423950195312,0.15807230941670108
45,F,UCI,Recuperado,0.09980459372315505,9.506423950195312,0.15807230941670108
50,M,UCI,Fallecido,0.00024357951270664378,9.650671005249023,0.14970280258005098
50,M,UCI,Hospitalizado,0.9253539511514457,9.650671005249023,0.14970280258005098
50,M,UCI,Recuperado,0.07440246933584765,9.650671005249023,0.14970280258005098
50,F,UCI,Fallecido,0.0006919226035428821,9.506423950195312,0.15807230941670108
50,F,UCI,Hospitalizado,0.899503483673302,9.506423950195312,0.15807230941670108
50,F,UCI,Recuperado,0.09980459372315505,9.506423950195312,0.15807230941670108
55,M,UCI,Fallecido,0.00024357951270664378,9.650671005249023,0.14970280258005098
55,M,UCI,Hospitalizado,0.9253539511514457,9.650671005249023,0.14970280258005098
55,M,UCI,Recuperado,0.07440246933584765,9.650671005249023,0.14970280258005098
55,F,UCI,Fallecido,0.0006919226035428821,9.506423950195312,0.15807230941670108
55,F,UCI,Hospitalizado,0.899503483673302,9.506423950195312,0.15807230941670108
55,F,UCI,Recuperado,0.09980459372315505,9.506423950195312,0.15807230941670108
60,M,UCI,Fallecido,0.00024357951270664378,9.650671005249023,0.14970280258005098
60,M,UCI,Hospitalizado,0.9253539511514457,9.650671005249023,0.14970280258005098
60,M,UCI,Recuperado,0.07440246933584765,9.650671005249023,0.14970280258005098
60,F,UCI,Fallecido,0.0006919226035428821,9.506423950195312,0.15807230941670108
60,F,UCI,Hospitalizado,0.899503483673302,9.506423950195312,0.15807230941670108
60,F,UCI,Recuperado,0.09980459372315505,9.506423950195312,0.15807230941670108
65,M,UCI,Fallecido,0.00024357951270664378,9.650671005249023,0.14970280258005098
65,M,UCI,Hospitalizado,0.9253539511514457,9.650671005249023,0.14970280258005098
65,M,UCI,Recuperado,0.07440246933584765,9.650671005249023,0.14970280258005098
65,F,UCI,Fallecido,0.0006919226035428821,9.506423950195312,0.15807230941670108
65,F,UCI,Hospitalizado,0.899503483673302,9.506423950195312,0.15807230941670108
65,F,UCI,Recuperado,0.09980459372315505,9.506423950195312,0.15807230941670108
70,M,UCI,Fallecido,0.00024357951270664378,9.650671005249023,0.14970280258005098
70,M,UCI,Hospitalizado,0.9253539511514457,9.650671005249023,0.14970280258005098
70,M,UCI,Recuperado,0.07440246933584765,9.650671005249023,0.14970280258005098
70,F,UCI,Fallecido,0.0006919226035428821,9.506423950195312,0.15807230941670108
70,F,UCI,Hospitalizado,0.899503483673302,9.506423950195312,0.15807230941670108
70,F,UCI,Recuperado,0.09980459372315505,9.506423950195312,0.15807230941670108
75,M,UCI,Fallecido,0.00024357951270664378,9.650671005249023,0.14970280258005098
75,M,UCI,Hospitalizado,0.9253539511514457,9.650671005249023,0.14970280258005098
75,M,UCI,Recuperado,0.07440246933584765,9.650671005249023,0.14970280258005098
75,F,UCI,Fallecido,0.0006919226035428821,9.506423950195312,0.15807230941670108
75,F,UCI,Hospitalizado,0.899503483673302,9.506423950195312,0.15807230941670108
75,F,UCI,Recuperado,0.09980459372315505,9.506423950195312,0.15807230941670108
80,M,UCI,Fallecido,0.00024357951270664378,9.650671005249023,0.14970280258005098
80,M,UCI,Hospitalizado,0.9253539511514457,9.650671005249023,0.14970280258005098
80,M,UCI,Recuperado,0.07440246933584765,9.650671005249023,0.14970280258005098
80,F,UCI,Fallecido,0.0006919226035428821,9.506423950195312,0.15807230941670108
80,F,UCI,Hospitalizado,0.899503483673302,9.506423950195312,0.15807230941670108
80,F,UCI,Recuperado,0.09980459372315505,9.506423950195312,0.15807230941670108
85,M,UCI,Fallecido,0.00024357951270664378,9.650671005249023,0.14970280258005098
85,M,UCI,Hospitalizado,0.9253539511514457,9.650671005249023,0.14970280258005098
85,M,UCI,Recuperado,0.07440246933584765,9.650671005249023,0.14970280258005098
85,F,UCI,Fallecido,0.0006919226035428821,9.506423950195312,0.15807230941670108
85,F,UCI,Hospitalizado,0.899503483673302,9.506423950195312,0.15807230941670108
85,F,UCI,Recuperado,0.09980459372315505,9.506423950195312,0.15807230941670108
90,M,UCI,Fallecido,0.00024357951270664378,9.650671005249023,0.14970280258005098
90,M,UCI,Hospitalizado,0.9253539511514457,9.650671005249023,0.14970280258005098
90,M,UCI,Recuperado,0.07440246933584765,9.650671005249023,0.14970280258005098
90,F,UCI,Fallecido,0.0006919226035428821,9.506423950195312,0.15807230941670108
90,F,UCI,Hospitalizado,0.899503483673302,9.506423950195312,0.15807230941670108
90,F,UCI,Recuperado,0.09980459372315505,9.506423950195312,0.15807230941670108
95,M,UCI,Fallecido,0.00024357951270664378,9.650671005249023,0.14970280258005098
95,M,UCI,Hospitalizado,0.9253539511514457,9.650671005249023,0.14970280258005098
95,M,UCI,Recuperado,0.07440246933584765,9.650671005249023,0.14970280258005098
95,F,UCI,Fallecido,0.0006919226035428821,9.506423950195312,0.15807230941670108
95,F,UCI,Hospitalizado,0.899503483673302,9.506423950195312,0.15807230941670108
95,F,UCI,Recuperado,0.09980459372315505,9.506423950195312,0.15807230941670108
0,M,Viajero,Contagiado,1.0,-1.5662622451782227,0.14441868539441696
0,F,Viajero,Contagiado,1.0,-2.114400625228882,0.14399851076073697
5,M,Viajero,Contagiado,1.0,-1.5662622451782227,0.14441868539441696
5,F,Viajero,Contagiado,1.0,-2.114400625228882,0.14399851076073697
10,M,Viajero,Contagiado,1.0,-1.5662622451782227,0.14441868539441696
10,F,Viajero,Contagiado,1.0,-2.114400625228882,0.14399851076073697
15,M,Viajero,Contagiado,1.0,-1.5662622451782227,0.14441868539441696
15,F,Viajero,Contagiado,1.0,-2.114400625228882,0.14399851076073697
20,M,Viajero,Contagiado,1.0,-1.5662622451782227,0.14441868539441696
20,F,Viajero,Contagiado,1.0,-2.114400625228882,0.14399851076073697
25,M,Viajero,Contagiado,1.0,-1.5662622451782227,0.14441868539441696
25,F,Viajero,Contagiado,1.0,-2.114400625228882,0.14399851076073697
30,M,Viajero,Contagiado,1.0,-1.5662622451782227,0.14441868539441696
30,F,Viajero,Contagiado,1.0,-2.114400625228882,0.14399851076073697
35,M,Viajero,Contagiado,1.0,-1.5662622451782227,0.14441868539441696
35,F,Viajero,Contagiado,1.0,-2.114400625228882,0.14399851076073697
40,M,Viajero,Contagiado,1.0,-1.5662622451782227,0.14441868539441696
40,F,Viajero,Contagiado,1.0,-2.114400625228882,0.14399851076073697
45,M,Viajero,Contagiado,1.0,-1.5662622451782227,0.14441868539441696
45,F,Viajero,Contagiado,1.0,-2.114400625228882,0.14399851076073697
50,M,Viajero,Contagiado,1.0,-1.5662622451782227,0.14441868539441696
50,F,Viajero,Contagiado,1.0,-2.114400625228882,0.14399851076073697
55,M,Viajero,Contagiado,1.0,-1.5662622451782227,0.14441868539441696
55,F,Viajero,Contagiado,1.0,-2.114400625228882,0.14399851076073697
60,M,Viajero,Contagiado,1.0,-1.5662622451782227,0.14441868539441696
60,F,Viajero,Contagiado,1.0,-2.114400625228882,0.14399851076073697
65,M,Viajero,Contagiado,1.0,-1.5662622451782227,0.14441868539441696
65,F,Viajero,Contagiado,1.0,-2.114400625228882,0.14399851076073697
70,M,Viajero,Contagiado,1.0,-1.5662622451782227,0.14441868539441696
70,F,Viajero,Contagiado,1.0,-2.114400625228882,0.14399851076073697
75,M,Viajero,Contagiado,1.0,-1.5662622451782227,0.14441868539441696
75,F,Viajero,Contagiado,1.0,-2.114400625228882,0.14399851076073697
80,M,Viajero,Contagiado,1.0,-1.5662622451782227,0.14441868539441696
80,F,Viajero,Contagiado,1.0,-2.114400625228882,0.14399851076073697
85,M,Viajero,Contagiado,1.0,-1.5662622451782227,0.14441868539441696
85,F,Viajero,Contagiado,1.0,-2.114400625228882,0.14399851076073697
90,M,Viajero,Contagiado,1.0,-1.5662622451782227,0.14441868539441696
90,F,Viajero,Contagiado,1.0,-2.114400625228882,0.14399851076073697
95,M,Viajero,Contagiado,1.0,-1.5662622451782227,0.14441868539441696
95,F,Viajero,Contagiado,1.0,-2.114400625228882,0.14399851076073697
